{
  "accuracy": 0.84,
  "precision": 0.75,
  "recall": 0.9857142857142858,
  "f1": 0.8518518518518519,
  "specificity": 0.7125,
  "confusion_matrix": [
    [
      57,
      23
    ],
    [
      1,
      69
    ]
  ]
}